[
  {
    "article_id": "803502f9c52a5ffa83c0e427c69a1639",
    "link": "https://thepeninsulaqatar.com/article/22/12/2025/israeli-occupation-commits-875-ceasefire-violations-gaza-government-media-office",
    "title": "Israeli occupation commits 875 ceasefire violations: Gaza Government Media Office",
    "description": "Gaza: The Government Media Office in Gaza Strip reported that Israeli occupation forces have committed 875 violations of the ceasefire and truce agree...",
    "content": "ONLY AVAILABLE IN PAID PLANS",
    "keywords": [
      "world",
      "middle east"
    ],
    "creator": [
      "the peninsula newspaper"
    ],
    "language": "english",
    "country": [
      "georgia",
      "yemen",
      "afghanistan",
      "cyprus",
      "india",
      "saudi arabia",
      "united arab emirates",
      "pakistan",
      "egypt",
      "lebanon",
      "kyrgyzstan",
      "syria",
      "israel",
      "djibouti",
      "iran",
      "turkey",
      "armenia",
      "qatar",
      "morocco",
      "kazakhstan",
      "iraq",
      "kuwait",
      "ethiopia",
      "azerbaijan",
      "jordan",
      "sudan",
      "somalia",
      "algeria",
      "oman",
      "libya",
      "uzbekistan",
      "turkmenistan",
      "mauritania",
      "bahrain",
      "tunisia",
      "tajikistan"
    ],
    "category": [
      "politics",
      "top"
    ],
    "datatype": "news",
    "pubDate": "2025-12-22 20:44:23",
    "pubDateTZ": "UTC",
    "image_url": "https://thepeninsulaqatar.com/get/image/20251222_1766436362-963-thumb_404.jpg?1766436363=",
    "video_url": null,
    "source_id": "thepeninsulaqatar",
    "source_name": "The Peninsula Qatar",
    "source_priority": 52716,
    "source_url": "https://thepeninsulaqatar.com",
    "source_icon": "https://n.bytvi.com/thepeninsulaqatar.png",
    "sentiment": "ONLY AVAILABLE IN PROFESSIONAL AND CORPORATE PLANS",
    "sentiment_stats": "ONLY AVAILABLE IN PROFESSIONAL AND CORPORATE PLANS",
    "ai_tag": "ONLY AVAILABLE IN PROFESSIONAL AND CORPORATE PLANS",
    "ai_region": "ONLY AVAILABLE IN CORPORATE PLANS",
    "ai_org": "ONLY AVAILABLE IN CORPORATE PLANS",
    "ai_summary": "ONLY AVAILABLE IN PAID PLANS",
    "duplicate": false
  },
  {
    "article_id": "8e452c28c3467addf2fd735e1c99e69f",
    "link": "https://www.geo.tv/latest/640984-james-cameron-slams-amy-poehlers-golden-globes-joke",
    "title": "James Cameron slams Amy Poehler's Golden Globes joke",
    "description": "James Cameron on Amy Poehler’s 2013 Golden Globes jokeJames Cameron is looking back at a moment from the 2013 Golden Globes that, more than a decade later, still doesn’t sit right with him. The Oscar-winning filmmaker has now publicly criticised an Amy...",
    "content": "ONLY AVAILABLE IN PAID PLANS",
    "keywords": null,
    "creator": [
      "geo news digital desk"
    ],
    "language": "english",
    "country": [
      "pakistan"
    ],
    "category": [
      "entertainment"
    ],
    "datatype": "news",
    "pubDate": "2025-12-22 20:44:00",
    "pubDateTZ": "UTC",
    "image_url": "https://www.geo.tv/assets/uploads/updates/2025-12-23/640984_5836895_updates.jpg",
    "video_url": null,
    "source_id": "geo",
    "source_name": "Geo Tv",
    "source_priority": 114092,
    "source_url": "https://www.geo.tv",
    "source_icon": "https://n.bytvi.com/geo.png",
    "sentiment": "ONLY AVAILABLE IN PROFESSIONAL AND CORPORATE PLANS",
    "sentiment_stats": "ONLY AVAILABLE IN PROFESSIONAL AND CORPORATE PLANS",
    "ai_tag": "ONLY AVAILABLE IN PROFESSIONAL AND CORPORATE PLANS",
    "ai_region": "ONLY AVAILABLE IN CORPORATE PLANS",
    "ai_org": "ONLY AVAILABLE IN CORPORATE PLANS",
    "ai_summary": "ONLY AVAILABLE IN PAID PLANS",
    "duplicate": false
  },
  {
    "article_id": "fc5693556a8838d9040ed391f9f2445d",
    "link": "https://www.geo.tv/latest/640987-kunal-nayyar-reveals-inspiring-way-he-uses-big-bang-theory-fortune",
    "title": "Kunal Nayyar reveals inspiring way he uses 'Big Bang Theory' fortune",
    "description": "Nayyar gained recognition as Rajesh Koothrappali on the hit CBS sitcom Kunal Nayyar is opening up about how his success has allowed him to quietly change lives.In an interview with The i Paper earlier this month, the Big Bang Theory alum reflected on wealth, generosity and...",
    "content": "ONLY AVAILABLE IN PAID PLANS",
    "keywords": null,
    "creator": [
      "geo news digital desk"
    ],
    "language": "english",
    "country": [
      "pakistan"
    ],
    "category": [
      "entertainment"
    ],
    "datatype": "news",
    "pubDate": "2025-12-22 20:40:00",
    "pubDateTZ": "UTC",
    "image_url": "https://www.geo.tv/assets/uploads/updates/2025-12-23/640987_8006516_updates.jpg",
    "video_url": null,
    "source_id": "geo",
    "source_name": "Geo Tv",
    "source_priority": 114092,
    "source_url": "https://www.geo.tv",
    "source_icon": "https://n.bytvi.com/geo.png",
    "sentiment": "ONLY AVAILABLE IN PROFESSIONAL AND CORPORATE PLANS",
    "sentiment_stats": "ONLY AVAILABLE IN PROFESSIONAL AND CORPORATE PLANS",
    "ai_tag": "ONLY AVAILABLE IN PROFESSIONAL AND CORPORATE PLANS",
    "ai_region": "ONLY AVAILABLE IN CORPORATE PLANS",
    "ai_org": "ONLY AVAILABLE IN CORPORATE PLANS",
    "ai_summary": "ONLY AVAILABLE IN PAID PLANS",
    "duplicate": false
  },
  {
    "article_id": "24689cbc16cc41dd0db3cf82b12ea5c0",
    "link": "https://www.arabnews.pk/node/2627171/sport",
    "title": "Final preparations ramp up as Dakar Rally 2026 draws closer",
    "description": "article author: Arab NewsAuthor: Mon, 2025-12-22 23:34YANBU: Final preparations for Saudi Arabia’s Dakar Rally 2026 have entered their concluding phase, with less than two weeks to go until the world’s toughest endurance race gets underway in the Kingdom for a seventh consecutive year.Held under the auspices of the Ministry of Sport and organized by the Saudi Automobile and Motorcycle Federation in partnership with the Saudi Motorsport Company, the rally runs from Jan. 3-17 and features 14 race days, including a prologue and 13 competitive stages.Main category: SportMotorsportTags: MotorsportDakar Rally2026 Dakar RallySaudi Arabia",
    "content": "ONLY AVAILABLE IN PAID PLANS",
    "keywords": null,
    "creator": [
      "daniel.fountain"
    ],
    "language": "english",
    "country": [
      "pakistan"
    ],
    "category": [
      "sports"
    ],
    "datatype": "news",
    "pubDate": "2025-12-22 20:35:37",
    "pubDateTZ": "UTC",
    "image_url": "https://www.arabnews.pk/sites/default/files/2025/12/22/4670152-869496247.jpg",
    "video_url": null,
    "source_id": "arabnewspk",
    "source_name": "Arab News Pk",
    "source_priority": 1307946,
    "source_url": "https://www.arabnews.pk",
    "source_icon": "https://n.bytvi.com/arabnewspk.jpg",
    "sentiment": "ONLY AVAILABLE IN PROFESSIONAL AND CORPORATE PLANS",
    "sentiment_stats": "ONLY AVAILABLE IN PROFESSIONAL AND CORPORATE PLANS",
    "ai_tag": "ONLY AVAILABLE IN PROFESSIONAL AND CORPORATE PLANS",
    "ai_region": "ONLY AVAILABLE IN CORPORATE PLANS",
    "ai_org": "ONLY AVAILABLE IN CORPORATE PLANS",
    "ai_summary": "ONLY AVAILABLE IN PAID PLANS",
    "duplicate": false
  },
  {
    "article_id": "6d6c90b3b2be034ec091675be17a8c2a",
    "link": "https://www.geo.tv/latest/640985-barry-manilows-health-scare-what-we-know",
    "title": "Barry Manilow's health scare: What we know",
    "description": "Barry Manilow’s health scare: What we knowLegendary singer Barry Manilow has unveiled his early-stage lung cancer and surgery status with his fans. The 82-year-old star shared this significant health update via his candid social media statement on Monday, December 22....",
    "content": "ONLY AVAILABLE IN PAID PLANS",
    "keywords": null,
    "creator": [
      "geo news digital desk"
    ],
    "language": "english",
    "country": [
      "pakistan"
    ],
    "category": [
      "entertainment",
      "top"
    ],
    "datatype": "news",
    "pubDate": "2025-12-22 20:34:00",
    "pubDateTZ": "UTC",
    "image_url": "https://www.geo.tv/assets/uploads/updates/2025-12-23/640985_6080428_updates.jpg",
    "video_url": null,
    "source_id": "geo",
    "source_name": "Geo Tv",
    "source_priority": 114092,
    "source_url": "https://www.geo.tv",
    "source_icon": "https://n.bytvi.com/geo.png",
    "sentiment": "ONLY AVAILABLE IN PROFESSIONAL AND CORPORATE PLANS",
    "sentiment_stats": "ONLY AVAILABLE IN PROFESSIONAL AND CORPORATE PLANS",
    "ai_tag": "ONLY AVAILABLE IN PROFESSIONAL AND CORPORATE PLANS",
    "ai_region": "ONLY AVAILABLE IN CORPORATE PLANS",
    "ai_org": "ONLY AVAILABLE IN CORPORATE PLANS",
    "ai_summary": "ONLY AVAILABLE IN PAID PLANS",
    "duplicate": false
  },
  {
    "article_id": "b92563454532a983566ca4c5ad7354bb",
    "link": "https://menafn.com/1110514728/THE-KYLN-HOTEL-SUZHOU-CELEBRATES-GRAND-OPENING-JOINING-THE-JDV-BY-HYATT-BRAND",
    "title": "THE KYLN HOTEL SUZHOU CELEBRATES GRAND OPENING, JOINING THE JDV BY HYATT BRAND",
    "description": "(MENAFN - PR Newswire)The contemporary, 327-room hotel and apartments offer vibrant style and comfort in the heart of Suzhou's Xiangcheng DistrictCHICAGO, Dec. 22, 2025 /PRNewswire/ -- Hyatt Hotels ...",
    "content": "ONLY AVAILABLE IN PAID PLANS",
    "keywords": null,
    "creator": [
      "marketing@menafn.com (menafn)"
    ],
    "language": "english",
    "country": [
      "georgia",
      "yemen",
      "afghanistan",
      "cyprus",
      "india",
      "singapore",
      "saudi arabia",
      "maldives",
      "japan",
      "united arab emirates",
      "malaysia",
      "china",
      "south korea",
      "north korea",
      "taiwan",
      "thailand",
      "pakistan",
      "mongolia",
      "brunei",
      "lebanon",
      "indonesia",
      "kyrgyzstan",
      "syria",
      "israel",
      "bhutan",
      "iran",
      "turkey",
      "armenia",
      "qatar",
      "philippines",
      "kazakhstan",
      "iraq",
      "bangladesh",
      "laos",
      "vietnam",
      "timor-leste",
      "kuwait",
      "myanmar",
      "azerbaijan",
      "jordan",
      "nepal",
      "sri lanka",
      "uzbekistan",
      "turkmenistan",
      "macau",
      "bahrain",
      "cambodia",
      "tajikistan"
    ],
    "category": [
      "lifestyle",
      "top"
    ],
    "datatype": "news",
    "pubDate": "2025-12-22 20:31:38",
    "pubDateTZ": "UTC",
    "image_url": null,
    "video_url": null,
    "source_id": "menafn",
    "source_name": "Menafn",
    "source_priority": 28392,
    "source_url": "https://menafn.com",
    "source_icon": "https://n.bytvi.com/menafn.png",
    "sentiment": "ONLY AVAILABLE IN PROFESSIONAL AND CORPORATE PLANS",
    "sentiment_stats": "ONLY AVAILABLE IN PROFESSIONAL AND CORPORATE PLANS",
    "ai_tag": "ONLY AVAILABLE IN PROFESSIONAL AND CORPORATE PLANS",
    "ai_region": "ONLY AVAILABLE IN CORPORATE PLANS",
    "ai_org": "ONLY AVAILABLE IN CORPORATE PLANS",
    "ai_summary": "ONLY AVAILABLE IN PAID PLANS",
    "duplicate": true
  },
  {
    "article_id": "81f993abe38242c41abb2553094533d6",
    "link": "https://pakobserver.net/classroom-or-trial-ground-in-higher-education/",
    "title": "Classroom or trial ground in higher education",
    "description": "TEACHERS at the higher education level play a vital role in raising students’ knowledge, skills and aptitude. At the...",
    "content": "ONLY AVAILABLE IN PAID PLANS",
    "keywords": [
      "article"
    ],
    "creator": [
      "muneer ahmed mirjat"
    ],
    "language": "english",
    "country": [
      "pakistan"
    ],
    "category": [
      "education",
      "top"
    ],
    "datatype": "news",
    "pubDate": "2025-12-22 20:30:58",
    "pubDateTZ": "UTC",
    "image_url": "https://pakobserver.net/wp-content/uploads/2023/09/Muneer-Ahmed-Mirjat.webp",
    "video_url": null,
    "source_id": "pakobserver",
    "source_name": "Pakistan Observer",
    "source_priority": 145155,
    "source_url": "https://pakobserver.net",
    "source_icon": "https://n.bytvi.com/pakobserver.jpg",
    "sentiment": "ONLY AVAILABLE IN PROFESSIONAL AND CORPORATE PLANS",
    "sentiment_stats": "ONLY AVAILABLE IN PROFESSIONAL AND CORPORATE PLANS",
    "ai_tag": "ONLY AVAILABLE IN PROFESSIONAL AND CORPORATE PLANS",
    "ai_region": "ONLY AVAILABLE IN CORPORATE PLANS",
    "ai_org": "ONLY AVAILABLE IN CORPORATE PLANS",
    "ai_summary": "ONLY AVAILABLE IN PAID PLANS",
    "duplicate": false
  },
  {
    "article_id": "be4d91a34b42d54cc331708be2a2b55d",
    "link": "https://thefinancialdaily.com/masooma-e-sindh-reaffirming-sindhs-timeless-message-of-peace-and-interfaith-harmony/",
    "title": "Masooma-e-Sindh: Reaffirming Sindh’s Timeless Message of Peace and Interfaith Harmony",
    "description": "The 5th Annual Masooma-e-Sindh Peace and Interfaith Harmony Conference arrives at a moment when the world is searching-often desperately-for moral clarity, dialogue, and coexistence. In an era marked by polarization, identity conflicts, and religious intolerance, such forums are not ceremonial gatherings; they are moral necessities. This conference, rooted deeply in Sindh’s spiritual and cultural ethos, [...]The post Masooma-e-Sindh: Reaffirming Sindh’s Timeless Message of Peace and Interfaith Harmony appeared first on The Financial Daily.",
    "content": "ONLY AVAILABLE IN PAID PLANS",
    "keywords": [
      "masooma-e-sindh",
      "other"
    ],
    "creator": [
      "webmaster"
    ],
    "language": "english",
    "country": [
      "pakistan"
    ],
    "category": [
      "lifestyle",
      "top"
    ],
    "datatype": "news",
    "pubDate": "2025-12-22 20:24:57",
    "pubDateTZ": "UTC",
    "image_url": "https://thefinancialdaily.com/wp-content/uploads/2024/02/tfd-logo.jpg",
    "video_url": null,
    "source_id": "thefinancialdaily",
    "source_name": "The Financial Daily",
    "source_priority": 2011248,
    "source_url": "https://thefinancialdaily.com",
    "source_icon": "https://n.bytvi.com/thefinancialdaily.png",
    "sentiment": "ONLY AVAILABLE IN PROFESSIONAL AND CORPORATE PLANS",
    "sentiment_stats": "ONLY AVAILABLE IN PROFESSIONAL AND CORPORATE PLANS",
    "ai_tag": "ONLY AVAILABLE IN PROFESSIONAL AND CORPORATE PLANS",
    "ai_region": "ONLY AVAILABLE IN CORPORATE PLANS",
    "ai_org": "ONLY AVAILABLE IN CORPORATE PLANS",
    "ai_summary": "ONLY AVAILABLE IN PAID PLANS",
    "duplicate": false
  }
]